# 12.08 String Functions and Operators

[TOC]

<font color="grey">String-valued functions return NULL if the length of the result would be greater than the value of the max_allowed_packet system variable. See [Section 5.1.1, "Configuring the Server"](https://dev.mysql.com/doc/refman/8.0/en/server-configuration.html).

For functions that operate on string positions, the first position is numbered 1.

For functions that take length arguments, noninteger arguments are rounded to the nearest integer.</font>

如果字符串值函数的长度大于系统变量 `max_allowed_packet` 的值，则返回 NULL。

对于操作字符串位置的函数，第一个位置编号为 `1`。

对于接受长度实参的函数，将非整数实参四舍五入到最接近的整数。

### CONCAT(str1,str2,...)

<font color="grey">Returns the string that results from concatenating the arguments. May have one or more arguments. If all arguments are nonbinary strings, the result is a nonbinary string. If the arguments include any binary strings, the result is a binary string. A numeric argument is converted to its equivalent nonbinary string form.

CONCAT() returns NULL if any argument is NULL.</font>

连接各个参数字符串。可以有1个或多个参数。

如果所有参数都是非二进制字符串，结果就是非二进制字符串。如果参数包含二进制字符串，结果就是二进制字符串。

如果参数是一个数值类型，那么就将其转换成等价的非二进制字符串形式。

如果有一个参数是 NULL，就返回 NULL。

```sql
mysql> SELECT CONCAT('My', 'S', 'QL');
        -> 'MySQL'
mysql> SELECT CONCAT('My', NULL, 'QL');
        -> NULL
mysql> SELECT CONCAT(14.3);
        -> '14.3'
```

<font color="grey">For quoted strings, concatenation can be performed by placing the strings next to each other:</font>

对于带引号的字符串，可以通过将字符串相邻放置，来执行连接：

```sql
mysql> SELECT 'My' 'S' 'QL';
        -> 'MySQL'
```

### CONCAT_WS(separator,str1,str2,...)

<font color="grey">CONCAT_WS() stands for Concatenate With Separator and is a special form of CONCAT(). The first argument is the separator for the rest of the arguments. The separator is added between the strings to be concatenated. The separator can be a string, as can the rest of the arguments. If the separator is NULL, the result is NULL.</font>

使用分隔符来连接各个字符串。如果分隔符是 NULL，那么结果就是 NULL。

```sql
mysql> SELECT CONCAT_WS(',','First name','Second name','Last Name');
        -> 'First name,Second name,Last Name'
mysql> SELECT CONCAT_WS(',','First name',NULL,'Last Name');
        -> 'First name,Last Name'
------------------------------------------------------------
mysql> select concat_ws(NULL,'a','b');
+-------------------------+
| concat_ws(NULL,'a','b') |
+-------------------------+
| NULL                    |
+-------------------------+

mysql> select concat_ws(',','a','','b');    
+---------------------------+
| concat_ws(',','a','','b') |
+---------------------------+
| a,,b                      |
+---------------------------+
```
它不会跳过空字符串，但会跳过 NULL 值。

<font color="grey">CONCAT_WS() does not skip empty strings. However, it does skip any NULL values after the separator argument.</font>

### REPLACE(str,from_str,to_str)

<font color="grey">Returns the string str with all occurrences of the string from_str replaced by the string to_str. REPLACE() performs a case-sensitive match when searching for from_str.

This function is multibyte safe.</font>

用 `to_str` 代替 `to_str` 中的 `from_str`。查找 `from_str` 时，大小写敏感。

```sql
mysql> SELECT REPLACE('www.mysql.com', 'w', 'Ww');
        -> 'WwWwWw.mysql.com'

--------------------------------------------------------
mysql> select replace('Www.baidu.com','w','aa');
+-----------------------------------+
| replace('Www.baidu.com','w','aa') |
+-----------------------------------+
| Waaaa.baidu.com                   |
+-----------------------------------+
1 row in set (0.00 sec)

mysql> desc apps;
+----------+--------------+------+-----+---------+----------------+
| Field    | Type         | Null | Key | Default | Extra          |
+----------+--------------+------+-----+---------+----------------+
| id       | int          | NO   | PRI | NULL    | auto_increment |
| app_name | char(20)     | NO   |     |         |                |
| url      | varchar(255) | NO   |     |         |                |
| country  | char(10)     | NO   |     |         |                |
+----------+--------------+------+-----+---------+----------------+
4 rows in set (0.00 sec)

mysql> select * from apps;
+----+------------+-------------------------+---------+
| id | app_name   | url                     | country |
+----+------------+-------------------------+---------+
|  1 | QQ APP     | http://im.qq.com/       | CN      |
|  2 | 微博 APP   | http://weibo.com/       | CN      |
|  3 | 淘宝 APP   | https://www.taobao.com/ | CN      |
+----+------------+-------------------------+---------+
3 rows in set (0.00 sec)

-- replace into 有三种形式：
-- replace into tbl_name(col_name, ...) values(...)
-- replace into tbl_name(col_name, ...) select ...
-- replace into tbl_name set col_name=value, ...

-- replace into 类似 insert ，不同在于：
-- replace into 尝试插入数据到表中，
-- (1) 如果发现表中已有此行数据(根据主键或者唯一索引判断)则先删除此行数据，然后插入新的数据。 
-- (2) 否则，直接插入新数据。
mysql> replace into apps(id,app_name,url,country) values (4,'baidu APP','http://www.baidu.com','CN');
Query OK, 1 row affected (0.01 sec)

mysql> select * from apps;
+----+------------+-------------------------+---------+
| id | app_name   | url                     | country |
+----+------------+-------------------------+---------+
|  1 | QQ APP     | http://im.qq.com/       | CN      |
|  2 | 微博 APP   | http://weibo.com/       | CN      |
|  3 | 淘宝 APP   | https://www.taobao.com/ | CN      |
|  4 | baidu APP  | http://www.baidu.com    | CN      |
+----+------------+-------------------------+---------+
4 rows in set (0.00 sec)

mysql> replace into apps(id,app_name,url,country) values (4,'meituan APP','http://www.meituan.com','CN');               
Query OK, 2 rows affected (0.00 sec)

mysql> select * from apps;
+----+-------------+-------------------------+---------+
| id | app_name    | url                     | country |
+----+-------------+-------------------------+---------+
|  1 | QQ APP      | http://im.qq.com/       | CN      |
|  2 | 微博 APP    | http://weibo.com/       | CN      |
|  3 | 淘宝 APP    | https://www.taobao.com/ | CN      |
|  4 | meituan APP | http://www.meituan.com  | CN      |
+----+-------------+-------------------------+---------+
4 rows in set (0.00 sec)

mysql> desc access_log;
+---------+------+------+-----+---------+-------+
| Field   | Type | Null | Key | Default | Extra |
+---------+------+------+-----+---------+-------+
| aid     | int  | NO   |     | 0       |       |
| site_id | int  | NO   |     | 0       |       |
| count   | int  | NO   |     | 0       |       |
| date    | date | NO   |     | NULL    |       |
+---------+------+------+-----+---------+-------+
4 rows in set (0.01 sec)

mysql> select * from access_log;
+-----+---------+-------+------------+
| aid | site_id | count | date       |
+-----+---------+-------+------------+
|   1 |       1 |     3 | 2016-05-10 |
|   2 |       3 |     2 | 2016-05-13 |
|   3 |       1 |     5 | 2016-05-14 |
|   4 |       2 |     4 | 2016-05-14 |
|   5 |       5 |     4 | 2016-05-14 |
|   6 |       5 |     5 | 2016-05-12 |
+-----+---------+-------+------------+
6 rows in set (0.00 sec)
-- 前提：插入数据的表必须有主键或唯一索引，不然会直接插入数据，导致表中出现重复的数据。
mysql> replace into access_log (aid,site_id,count,date) values (6,1,1,'9999-12-12');
Query OK, 1 row affected (0.00 sec)

mysql> select * from access_log;
+-----+---------+-------+------------+
| aid | site_id | count | date       |
+-----+---------+-------+------------+
|   1 |       1 |     3 | 2016-05-10 |
|   2 |       3 |     2 | 2016-05-13 |
|   3 |       1 |     5 | 2016-05-14 |
|   4 |       2 |     4 | 2016-05-14 |
|   5 |       5 |     4 | 2016-05-14 |
|   6 |       5 |     5 | 2016-05-12 |
|   6 |       1 |     1 | 9999-12-12 |
+-----+---------+-------+------------+
```