# 25.3.1 Trigger Syntax and Examples


> To create a trigger or drop a trigger, use the `CREATE TRIGGER` or `DROP TRIGGER` statement, described in [Section 13.1.22, “CREATE TRIGGER Statement”](https://dev.mysql.com/doc/refman/8.0/en/create-trigger.html), and [Section 13.1.34, “DROP TRIGGER Statement”](https://dev.mysql.com/doc/refman/8.0/en/drop-trigger.html).

> Here is a simple example that associates a trigger with a table, to activate for [INSERT](https://dev.mysql.com/doc/refman/8.0/en/insert.html) operations. The trigger acts as an accumulator, summing the values inserted into one of the columns of the table.

一个使用 INSERT 操作激活的触发器。

这个触发器执行一个累加操作，将插入表的列值相加。

```sql
mysql> CREATE TABLE account (acct_num INT, amount DECIMAL(10,2));
Query OK, 0 rows affected (0.03 sec)

mysql> CREATE TRIGGER ins_sum BEFORE INSERT ON account
       FOR EACH ROW SET @sum = @sum + NEW.amount;
Query OK, 0 rows affected (0.01 sec)
```

> The `CREATE TRIGGER` statement creates a trigger named `ins_sum` that is associated with the `account` table. It also includes clauses that specify the trigger action time, the triggering event, and what to do when the trigger activates:

CREATE TRIGGER 语句创建一个和 account 表相关联的名为 ins_sum 的触发器。

也包含指定了触发时间、触发事件和触发器激活时将执行什么操作。

> The keyword `BEFORE` indicates the trigger action time. In this case, the trigger activates before each row inserted into the table. The other permitted keyword here is `AFTER`.

BEFORE 表示触发器执行操作时间。在这个案例中，触发器在每行插入表之前激活。

另一个关键词就是 AFTER。

> The keyword `INSERT` indicates the trigger event; that is, the type of operation that activates the trigger. In the example, `INSERT` operations cause trigger activation. You can also create triggers for [`DELETE`](https://dev.mysql.com/doc/refman/8.0/en/delete.html) and [`UPDATE`](https://dev.mysql.com/doc/refman/8.0/en/update.html) operations.

INSERT 表示触发事件，也就是，激活触发器的操作类型。

在这个例子中，INSERT 操作使触发器激活。

也可以使用 DELETE 和 UPDATE 来创建触发器。

> The statement following `FOR EACH ROW` defines the trigger body; that is, the statement to execute each time the trigger activates, which occurs once for each row affected by the triggering event. In the example, the trigger body is a simple [SET](https://dev.mysql.com/doc/refman/8.0/en/set-variable.html) that accumulates into a user variable the values inserted into the `amount` column. The statement refers to the column as `NEW.amount` which means “the value of the `amount` column to be inserted into the new row.”

FOR EACH ROW 后面的语句定义了触发器主体；也就是，每当触发器激活时，要执行的语句。

在这个例子中，触发器主体是一个 SET，将插入到 amount 列的值累加到用户变量中。

语句将列表示为 NEW.amount，意思是将被插入新行的 amount 列的值。

> To use the trigger, set the accumulator variable to zero, execute an [INSERT](https://dev.mysql.com/doc/refman/8.0/en/insert.html) statement, and then see what value the variable has afterward:

要使用触发器，设置一个累加变量为0，执行一次 INSERT 语句，然后看这个变量的值。

```sql
mysql> SET @sum = 0;
mysql> INSERT INTO account VALUES(137,14.98),(141,1937.50),(97,-100.00);
mysql> SELECT @sum AS 'Total amount inserted';
+-----------------------+
| Total amount inserted |
+-----------------------+
|               1852.48 |
+-----------------------+
```

> In this case, the value of `@sum` after the `INSERT` statement has executed is `14.98 + 1937.50 - 100`, or `1852.48`.

> To destroy the trigger, use a `DROP TRIGGER` statement. You must specify the schema name if the trigger is not in the default schema:

使用 DROP TRIGGER 删除触发器。

如果触发器不在 default schema 中，你必须指定 schema 名称。

```sql
mysql> DROP TRIGGER test.ins_sum;
```

> If you drop a table, any triggers for the table are also dropped.

如果你删除表，那么和这个表相关的任意触发器都被删除。

> Trigger names exist in the schema namespace, meaning that all triggers must have unique names within a schema. Triggers in different schemas can have the same name.

触发器名称存在于 schema 命名空间中，意味着所有的触发器在同一个 schema 里必须有唯一的名称。

在不同的 schema 中，触发器可以有相同的名称。

> It is possible to define multiple triggers for a given table that have the same trigger event and action time. For example, you can have two `BEFORE UPDATE` triggers for a table. By default, triggers that have the same trigger event and action time activate in the order they were created. To affect trigger order, specify a clause after `FOR EACH ROW` that indicates `FOLLOWS` or `PRECEDES` and the name of an existing trigger that also has the same trigger event and action time. With `FOLLOWS`, the new trigger activates after the existing trigger. With `PRECEDES`, the new trigger activates before the existing trigger.

可以**在一个给定表上定义多个触发器**，这些触发器具有相同的触发事件和触发时间。例如，可以在一个表上有两个 BEFORE UPDATE 触发器。

**默认情况下，具有相同触发事件和操作时间的触发器按照创建顺序激活**。

为了改变触发器顺序，在 FOR EACH ROW 后指定一个 trigger_order 子句，来表示 FOLLOWS 或 PRECEDES，并指定具有相同触发事件和操作时间的现有触发器的名称。

FOLLOWS 表示新的触发器在已存在的触发器之后激活。

PRECEDES 表示新的触发器在已存在的触发器之前激活。

> For example, the following trigger definition defines another `BEFORE INSERT` trigger for the account table:

例如，下面的触发器定义了另一个 BEFORE INSERT 触发器：

```sql
mysql> CREATE TRIGGER ins_transaction BEFORE INSERT ON account
       FOR EACH ROW PRECEDES ins_sum
       SET
       @deposits = @deposits + IF(NEW.amount>0,NEW.amount,0),
       @withdrawals = @withdrawals + IF(NEW.amount<0,-NEW.amount,0);
Query OK, 0 rows affected (0.01 sec)
```

> This trigger, `ins_transaction`, is similar to `ins_sum` but accumulates `deposits` and `withdrawals` separately. It has a `PRECEDES` clause that causes it to activate before `ins_sum`; without that clause, it would activate after `ins_sum` because it is created after `ins_sum`.

触发器 ins_transaction 和 触发器 ins_transaction 相似，但是是单独累加 deposits 和 withdrawals。

PRECEDES 子句使它在 ins_sum 之前激活。如果没有 PRECEDES 子句，它将在 ins_sum 之后激活，因为它在 ins_sum 之后创建。

> Within the trigger body, the `OLD` and `NEW` keywords enable you to access columns in the rows affected by a trigger. `OLD` and `NEW` are MySQL extensions to triggers; they are not case-sensitive.

在触发器主体内，使用 OLD 和 NEW 关键字来访问触发器影响的列。

OLD 和 NEW 是 MySQL 对触发器的扩展，它们不是大小写敏感的。

> In an `INSERT` trigger, only `NEW.col_name` can be used; there is no old row. In a `DELETE` trigger, only `OLD.col_name` can be used; there is no new row. In an `UPDATE` trigger, you can use `OLD.col_name` to refer to the columns of a row before it is updated and `NEW.col_name` to refer to the columns of the row after it is updated.

在 INSERT 触发器中，仅使用 NEW.col_name，没有旧行。

在 DELETE 触发器中，仅使用 OLD.col_name，没有新行。

在 UPDATE 触发器中，你可以使用 OLD.col_name 来引用更新前的列值，使用 NEW.col_name 来引用更新后的列值。

> A column named with `OLD` is read only. You can refer to it (if you have the `SELECT` privilege), but not modify it. You can refer to a column named with `NEW` if you have the `SELECT` privilege for it. In a `BEFORE` trigger, you can also change its value with `SET NEW.col_name = value` if you have the `UPDATE` privilege for it. This means you can use a trigger to modify the values to be inserted into a new row or used to update a row. (Such a `SET` statement has no effect in an `AFTER` trigger because the row change has already occurred.)

使用 OLD 命令的列是只读的。你可以引用它（如果你有 SELECT 权限），但不能修改它。

如果你有 SELECT 权限，你可以引用使用 NEW 命令的列。

在 BEFORE 触发器中，如果你有 UPDATE 权限，你可以使用 `SET NEW.col_name = value` 修改它的值。这就意味着你可以使用一个触发器来修改将要被插入到新行的值或用来更新一行。

（SET 语句在 AFTER 触发器中没有影响，因为行早已改变。）

> In a `BEFORE` trigger, the `NEW` value for an `AUTO_INCREMENT` column is 0, not the sequence number that is generated automatically when the new row actually is inserted.

在 BEFORE 触发器中，AUTO_INCREMENT 列的 NEW 值是 0，而不是自动生产的序列号，当真的插入新行时。

> By using the `BEGIN ... END` construct, you can define a trigger that executes multiple statements. Within the `BEGIN` block, you also can use other syntax that is permitted within stored routines such as conditionals and loops. However, just as for stored routines, if you use the [mysql](https://dev.mysql.com/doc/refman/8.0/en/mysql.html) program to define a trigger that executes multiple statements, it is necessary to redefine the mysql statement delimiter so that you can use the `;` statement delimiter within the trigger definition. The following example illustrates these points. It defines an `UPDATE` trigger that checks the new value to be used for updating each row, and modifies the value to be within the range from 0 to 100. This must be a `BEFORE` trigger because the value must be checked before it is used to update the row:

通过使用 BEGIN ... END 结构，你可以定义一个执行多条语句的触发器。

在 BEGIN 块中，你也可以使用在存储例程中允许的其他语法，例如条件和循环。

然而，就像是存储例程，如果你使用 mysql 程序来定义一个执行多条语句的触发器，需要重新定义 mysql 语句分隔符。

下面的例子表明了这些观点。它定义了一个 UPDATE 触发器，检查用来更新每行的新值，修改范围在 0 到 100 的值。这必须是一个 BEFORE 触发器，因为必须在更新行之前检查值。

```sql
mysql> delimiter //
mysql> CREATE TRIGGER upd_check BEFORE UPDATE ON account
       FOR EACH ROW
       BEGIN
           IF NEW.amount < 0 THEN
               SET NEW.amount = 0;
           ELSEIF NEW.amount > 100 THEN
               SET NEW.amount = 100;
           END IF;
       END;//
mysql> delimiter ;
```

> It can be easier to define a stored procedure separately and then invoke it from the trigger using a simple [`CALL`](https://dev.mysql.com/doc/refman/8.0/en/call.html) statement. This is also advantageous if you want to execute the same code from within several triggers.

可以分别定义存储过程，然后使用 CALL 语句从触发器调用它。

如果想在多个触发器中执行相同的代码，这也是非常有利的。

> There are limitations on what can appear in statements that a trigger executes when activated:

触发器在被激活时执行的语句中可能出现的内容有一些限制:

> The trigger cannot use the `CALL` statement to invoke stored procedures that return data to the client or that use dynamic SQL. (Stored procedures are permitted to return data to the trigger through `OUT` or `INOUT` parameters.)

- 触发器不能使用 CALL 语句调用向客户端返回数据或使用动态 SQL 的存储过程。(允许存储过程通过 OUT 或 INOUT 参数向触发器返回数据。)

> The trigger cannot use statements that explicitly or implicitly begin or end a transaction, such as [`START TRANSACTION`, `COMMIT`, or `ROLLBACK`. (`ROLLBACK` to `SAVEPOINT`](https://dev.mysql.com/doc/refman/8.0/en/commit.html) is permitted because it does not end a transaction.).

- 触发器不能使用显式或隐式地开始或结束事务的语句，如 START transaction、COMMIT 或 ROLLBACK。(允许 ROLLBACK 到 SAVEPOINT，因为它不会结束一个事务。)

> See also [Section 25.8, “Restrictions on Stored Programs”](https://dev.mysql.com/doc/refman/8.0/en/stored-program-restrictions.html).

> MySQL handles errors during trigger execution as follows:

MySQL 在触发器执行过程中处理错误如下：

> If a `BEFORE` trigger fails, the operation on the corresponding row is not performed.

- 如果 BEFORE 触发器失败，则不执行对应行的操作。

> A `BEFORE` trigger is activated by the attempt to insert or modify the row, regardless of whether the attempt subsequently succeeds.

- 无论随后的尝试是否成功，插入或修改行的尝试都会激活 BEFORE 触发器。

> An `AFTER` trigger is executed only if any `BEFORE` triggers and the row operation execute successfully.

- 只有当有 BEFORE 触发器并且行操作成功执行时，才执行 AFTER 触发器。

> An error during either a `BEFORE` or `AFTER` trigger results in failure of the entire statement that caused trigger invocation.

- BEFORE 或 AFTER 触发器期间的错误将导致导致触发器调用的整个语句失败。

> For transactional tables, failure of a statement should cause rollback of all changes performed by the statement. Failure of a trigger causes the statement to fail, so trigger failure also causes rollback. For nontransactional tables, such rollback cannot be done, so although the statement fails, any changes performed prior to the point of the error remain in effect.

- 对于事务表，语句失败应该导致回滚该语句执行的所有更改。触发器失败会导致语句失败，因此触发器失败还会导致回滚。对于非事务性表，不能执行这样的回滚，因此尽管语句失败，但在错误点之前执行的任何更改仍然有效。

> Triggers can contain direct references to tables by name, such as the trigger named testref shown in this example:

触发器可以按名称包含对表的直接引用，例如下面这个例子中显示的名为 testref 的触发器:

```sql
CREATE TABLE test1(a1 INT);
CREATE TABLE test2(a2 INT);
CREATE TABLE test3(a3 INT NOT NULL AUTO_INCREMENT PRIMARY KEY);
CREATE TABLE test4(
  a4 INT NOT NULL AUTO_INCREMENT PRIMARY KEY,
  b4 INT DEFAULT 0
);

delimiter |

CREATE TRIGGER testref BEFORE INSERT ON test1
  FOR EACH ROW
  BEGIN
    INSERT INTO test2 SET a2 = NEW.a1;
    DELETE FROM test3 WHERE a3 = NEW.a1;
    UPDATE test4 SET b4 = b4 + 1 WHERE a4 = NEW.a1;
  END;
|

delimiter ;

INSERT INTO test3 (a3) VALUES
  (NULL), (NULL), (NULL), (NULL), (NULL),
  (NULL), (NULL), (NULL), (NULL), (NULL);

INSERT INTO test4 (a4) VALUES
  (0), (0), (0), (0), (0), (0), (0), (0), (0), (0);
```

> Suppose that you insert the following values into table test1 as shown here:

```sql
mysql> INSERT INTO test1 VALUES 
       (1), (3), (1), (7), (1), (8), (4), (4);
Query OK, 8 rows affected (0.01 sec)
Records: 8  Duplicates: 0  Warnings: 0
```

> As a result, the four tables contain the following data:

```sql
mysql> SELECT * FROM test1;
+------+
| a1   |
+------+
|    1 |
|    3 |
|    1 |
|    7 |
|    1 |
|    8 |
|    4 |
|    4 |
+------+
8 rows in set (0.00 sec)

mysql> SELECT * FROM test2;
+------+
| a2   |
+------+
|    1 |
|    3 |
|    1 |
|    7 |
|    1 |
|    8 |
|    4 |
|    4 |
+------+
8 rows in set (0.00 sec)

mysql> SELECT * FROM test3;
+----+
| a3 |
+----+
|  2 |
|  5 |
|  6 |
|  9 |
| 10 |
+----+
5 rows in set (0.00 sec)

mysql> SELECT * FROM test4;
+----+------+
| a4 | b4   |
+----+------+
|  1 |    3 |
|  2 |    0 |
|  3 |    1 |
|  4 |    2 |
|  5 |    0 |
|  6 |    0 |
|  7 |    1 |
|  8 |    1 |
|  9 |    0 |
| 10 |    0 |
+----+------+
10 rows in set (0.00 sec)
```