# 13.02.12 TABLE Statement

[TOC]

> TABLE is a DML statement introduced in MySQL 8.0.19 which returns rows and columns of the named table.

`TABLE` 是一个 DML 语句，在 MySQL 8.0.19 中引入，会返回表的行和列。

	TABLE table_name [ORDER BY column_name] [LIMIT number [OFFSET number]]

> The TABLE statement in some ways acts like SELECT. Given the existance of a table named t, the following two statements produce identical output:

`TABLE` 语句在某些方面类似于 `SELECT` 语句。给定一个名为 t 的表，下面两个语句产生相同的输出:

```sql
TABLE t;

SELECT * FROM t;
```

> You can order and limit the number of rows produced by TABLE using ORDER BY and LIMIT clauses, respectively. These function identically to the same clauses when used with SELECT (including an optional OFFSET clause with LIMIT), as you can see here:

可以分别使用 `ORDER BY` 子句和 `LIMIT` 子句进行排序和限制表产生的行数。当使用 `SELECT`(包括一个带有LIMIT的可选偏移子句)时，这些函数与子句完全相同，就像你在这里看到的:

```sql
mysql> TABLE t;
+----+----+
| a  | b  |
+----+----+
|  1 |  2 |
|  6 |  7 |
|  9 |  5 |
| 10 | -4 |
| 11 | -1 |
| 13 |  3 |
| 14 |  6 |
+----+----+
7 rows in set (0.00 sec)

mysql> TABLE t ORDER BY b;
+----+----+
| a  | b  |
+----+----+
| 10 | -4 |
| 11 | -1 |
|  1 |  2 |
| 13 |  3 |
|  9 |  5 |
| 14 |  6 |
|  6 |  7 |
+----+----+
7 rows in set (0.00 sec)

mysql> TABLE t LIMIT 3;
+---+---+
| a | b |
+---+---+
| 1 | 2 |
| 6 | 7 |
| 9 | 5 |
+---+---+
3 rows in set (0.00 sec)

mysql> TABLE t ORDER BY b LIMIT 3;
+----+----+
| a  | b  |
+----+----+
| 10 | -4 |
| 11 | -1 |
|  1 |  2 |
+----+----+
3 rows in set (0.00 sec)

mysql> TABLE t ORDER BY b LIMIT 3 OFFSET 2;
+----+----+
| a  | b  |
+----+----+
|  1 |  2 |
| 13 |  3 |
|  9 |  5 |
+----+----+
3 rows in set (0.00 sec)
```

> TABLE differs from SELECT in two key respects:

**`TABLE` 和 `SELECT` 有两点不同：**

> TABLE always displays all columns of the table.

- `TABLE` 总是展示表的所有列。

> TABLE does not allow for any arbitrary filtering of rows; that is, TABLE does not support any WHERE clause.

- `TABLE` 不会允许行的任意形式的过滤。即，不支持 WHERE 子句。

> For limiting which table columns are returned, filtering rows beyond what can be accomplished using ORDER BY and LIMIT, or both, use SELECT.

为了限制返回的列，使用 `ORDER BY` 和 `LIMIT` 或同时使用两者，se SELECT。

> TABLE can be used with temporary tables.

**`TABLE` 可以与临时表一起使用**。

> TABLE can also be used in place of SELECT in a number of other constructs, including those listed here:

**`TABLE` 也可以在许多其他结构中代替 `SELECT`**，包括这里列出的那些结构:

> With UNION, as shown here:

和 UNION 一起使用：

```sql
mysql> TABLE t1;
+---+----+
| a | b  |
+---+----+
| 2 | 10 |
| 5 |  3 |
| 7 |  8 |
+---+----+
3 rows in set (0.00 sec)

mysql> TABLE t2;
+---+---+
| a | b |
+---+---+
| 1 | 2 |
| 3 | 4 |
| 6 | 7 |
+---+---+
3 rows in set (0.00 sec)

mysql> TABLE t1 UNION TABLE t2;
+---+----+
| a | b  |
+---+----+
| 2 | 10 |
| 5 |  3 |
| 7 |  8 |
| 1 |  2 |
| 3 |  4 |
| 6 |  7 |
+---+----+
6 rows in set (0.00 sec)
```

> The UNION just shown is equivalent to the following statement:

上述等价于下面的语句：

```sql
mysql> SELECT * FROM t1 UNION SELECT * FROM t2;
+---+----+
| a | b  |
+---+----+
| 2 | 10 |
| 5 |  3 |
| 7 |  8 |
| 1 |  2 |
| 3 |  4 |
| 6 |  7 |
+---+----+
6 rows in set (0.00 sec)
```

> TABLE can also be used together in unions with SELECT statements, VALUES statements, or both. See [Section 13.2.10.3, “UNION Clause”](https://dev.mysql.com/doc/refman/8.0/en/union.html).

**`TABLE` 还可以在 unions 与 SELECT 语句、VALUES 语句或两者结合使用**。

> With INTO to populate user variables, and with INTO OUTFILE or INTO DUMPFILE to write table data to a file. See [Section 13.2.10.1, “SELECT ... INTO Statement”](https://dev.mysql.com/doc/refman/8.0/en/select-into.html), for more specific information and examples.

- **使用 INTO 填充用户变量，使用 `INTO OUTFILE` 或 `INTO DUMPFILE` 将表数据写入文件**。

> In many cases where you can employ subqueries. Given any table t1 with a column named a, and a second table t2 having a single column, statements such as the following are possible:

- 在很多情况下，你**可以使用子查询**。假设任何表 t1 的列名为 a，而第二个表 t2 只有一列，则可能出现如下语句:

```sql
SELECT * FROM t1 WHERE a IN (TABLE t2);
```

> Assuming that the single column of table ts is named x, the preceding is equivalent to each of the statements shown here (and produces exactly the same result in either case):

假设表 ts 的一列名为 x，前面的语句等价于这里显示的每一个语句(并且在这两种情况下产生完全相同的结果):

```sql
SELECT * FROM t1 WHERE a IN (SELECT x FROM t2);

SELECT * FROM t1 WHERE a IN (SELECT * FROM t2);
```

> See [Section 13.2.11, “Subqueries”](https://dev.mysql.com/doc/refman/8.0/en/subqueries.html), for more information.

> With INSERT and REPLACE statements, where you would otherwise use `SELECT *`. See [Section 13.2.6.1, “INSERT ... SELECT Statement”](https://dev.mysql.com/doc/refman/8.0/en/insert-select.html), for more information and examples.

- 使用 INSERT 和 REPLACE 语句，否则将使用 `SELECT *`

> TABLE can also be used in many cases in place of the SELECT in [CREATE TABLE ... SELECT](https://dev.mysql.com/doc/refman/8.0/en/create-table-select.html) or [CREATE VIEW ... SELECT](https://dev.mysql.com/doc/refman/8.0/en/create-view.html). See the descriptions of these statements for more information and examples.

- 在很多情况下，`TABLE` 也可以用来代替 `CREATE TABLE ... SELECT` 或 `CREATE VIEW ... SELECT` 中的 SELECT。
