# 12.21.01 Window Function Descriptions

[TOC]

**MySQL 8.0 Reference Manual**

MySQL supports window functions that, for each row from a query, perform a calculation using rows related to that row.

这里介绍的是非聚合的窗口函数，聚合的窗口函数的描述见[ Section 12.20.1, “Aggregate Function Descriptions”](https://dev.mysql.com/doc/refman/8.0/en/aggregate-functions.html)

**窗口函数总览：**

Name | Description
---|:---
CUME_DIST() | Cumulative distribution value
DENSE_RANK() | Rank of current row within its partition, without gaps
FIRST_VALUE() | Value of argument from first row of window frame
LAG() | Value of argument from row lagging current row within partition
LAST_VALUE() | Value of argument from last row of window frame
LEAD() | Value of argument from row leading current row within partition
NTH_VALUE() | Value of argument from N-th row of window frame
NTILE() | Bucket number of current row within its partition.
PERCENT_RANK() | Percentage rank value
RANK() | Rank of current row within its partition, with gaps
ROW_NUMBER() | Number of current row within its partition

*In the following function descriptions, over_clause represents the OVER clause, described in [Section 12.21.2, “Window Function Concepts and Syntax”](https://dev.mysql.com/doc/refman/8.0/en/window-functions-usage.html). Some window functions permit a null_treatment clause that specifies how to handle NULL values when calculating results. This clause is optional. It is part of the SQL standard, but the MySQL implementation permits only RESPECT NULLS (which is also the default). This means that NULL values are considered when calculating results. IGNORE NULLS is parsed, but produces an error.*

一些窗口函数允许 null_treatment 子句，它指明了在计算结果时，如何处理 NULL 值。这个子句是可选的。

它是 SQL 标准的一部分，但 MYSQL 只遵守这个规则(也是默认情况)。这就意味着在计算结果时，NULL 值会被考虑到。 解析 IGNORE NULLS 会产生错误。

```sql
[root@zgg sql_script]# cat windowfunc.sql 
-- 窗口函数测试数据

-- 建表
CREATE TABLE IF NOT EXISTS WINDOWFUNC_TEST (
dept VARCHAR(100) NOT NULL,
userid VARCHAR(100) NOT NULL,
sal INT);


-- 插入数据
BEGIN;
INSERT INTO WINDOWFUNC_TEST VALUES('d1','user1',1000);
INSERT INTO WINDOWFUNC_TEST VALUES('d1','user3',3000);
INSERT INTO WINDOWFUNC_TEST VALUES('d1','user2',2000);
INSERT INTO WINDOWFUNC_TEST VALUES('d2','user4',4000);
INSERT INTO WINDOWFUNC_TEST VALUES('d2','user4',6000);
INSERT INTO WINDOWFUNC_TEST VALUES('d2','user1',5000);
COMMIT;
```

## 1、CUME_DIST() over_clause

返回一个值在一组值中的累积分布。即，**分区字段中，小于或等于当前行的值的百分比**。

它表示在排序后的分区中，当前行之前或与当前行同级的行数除以分区中的总行数。

返回值的范围从0到1。

这个函数应当和 ORDER BY 一起使用，来排序分区中的数据。如果没有 ORDER BY ，所有行都是同级的，N/N = 1，这里的 N 是分区的大小。

*Returns the cumulative distribution of a value within a group of values; that is, the percentage of partition values less than or equal to the value in the current row. This represents the number of rows preceding or peer with the current row in the window ordering of the window partition divided by the total number of rows in the window partition. Return values range from 0 to 1.*

*This function should be used with ORDER BY to sort partition rows into the desired order. Without ORDER BY, all rows are peers and have value N/N = 1, where N is the partition size.*

*over_clause is as described in Section 12.21.2, “Window Function Concepts and Syntax”.*

*The following query shows, for the set of values in the val column, the CUME_DIST() value for each row, as well as the percentage rank value returned by the similar PERCENT_RANK() function. For reference, the query also displays row numbers using ROW_NUMBER():*

```sql
mysql> select * from WINDOWFUNC_TEST;
+------+--------+------+
| dept | userid | sal  |
+------+--------+------+
| d1   | user1  | 1000 |
| d1   | user3  | 3000 |
| d1   | user2  | 2000 |
| d2   | user4  | 4000 |
| d2   | user4  | 6000 |
| d2   | user1  | 5000 |
+------+--------+------+
6 rows in set (0.00 sec)

--排序后，在各分区中，统计小于等于当前薪水的人数，所占分区总人数的比例
mysql> SELECT dept,userid,sal,
    -> CUME_DIST() OVER(PARTITION BY dept ORDER BY sal) cd
    -> FROM WINDOWFUNC_TEST;
+------+--------+------+--------------------+
| dept | userid | sal  | cd                 |
+------+--------+------+--------------------+
| d1   | user1  | 1000 | 0.3333333333333333 |
| d1   | user2  | 2000 | 0.6666666666666666 |
| d1   | user3  | 3000 |                  1 |
| d2   | user4  | 4000 | 0.3333333333333333 |
| d2   | user1  | 5000 | 0.6666666666666666 |
| d2   | user4  | 6000 |                  1 |
+------+--------+------+--------------------+
6 rows in set (0.00 sec)

-- 测试不分区：统计小于等于当前薪水的人数，所占总人数的比例
mysql> SELECT dept,userid,sal,
    -> CUME_DIST() OVER(ORDER BY sal) cd
    -> FROM WINDOWFUNC_TEST;
+------+--------+------+---------------------+
| dept | userid | sal  | cd                  |
+------+--------+------+---------------------+
| d1   | user1  | 1000 | 0.16666666666666666 |
| d1   | user2  | 2000 |  0.3333333333333333 |
| d1   | user3  | 3000 |                 0.5 |
| d2   | user4  | 4000 |  0.6666666666666666 |
| d2   | user1  | 5000 |  0.8333333333333334 |
| d2   | user4  | 6000 |                   1 |
+------+--------+------+---------------------+
6 rows in set (0.00 sec)

-- 测试不使用order by
mysql> SELECT dept,userid,sal,
    -> CUME_DIST() OVER(PARTITION BY dept) cd
    -> FROM WINDOWFUNC_TEST;
+------+--------+------+----+
| dept | userid | sal  | cd |
+------+--------+------+----+
| d1   | user1  | 1000 |  1 |
| d1   | user3  | 3000 |  1 |
| d1   | user2  | 2000 |  1 |
| d2   | user4  | 4000 |  1 |
| d2   | user4  | 6000 |  1 |
| d2   | user1  | 5000 |  1 |
+------+--------+------+----+
6 rows in set (0.00 sec)
```

[参考](http://lxw1234.com/archives/tag/hive-window-functions)

```sql
mysql> SELECT
         val,
         ROW_NUMBER()   OVER w AS 'row_number',
         CUME_DIST()    OVER w AS 'cume_dist',
         PERCENT_RANK() OVER w AS 'percent_rank'
       FROM numbers
       WINDOW w AS (ORDER BY val);
+------+------------+--------------------+--------------+
| val  | row_number | cume_dist          | percent_rank |
+------+------------+--------------------+--------------+
|    1 |          1 | 0.2222222222222222 |            0 |
|    1 |          2 | 0.2222222222222222 |            0 |
|    2 |          3 | 0.3333333333333333 |         0.25 |
|    3 |          4 | 0.6666666666666666 |        0.375 |
|    3 |          5 | 0.6666666666666666 |        0.375 |
|    3 |          6 | 0.6666666666666666 |        0.375 |
|    4 |          7 | 0.8888888888888888 |         0.75 |
|    4 |          8 | 0.8888888888888888 |         0.75 |
|    5 |          9 |                  1 |            1 |
+------+------------+--------------------+--------------+
```

## 2、DENSE_RANK() over_clause

返回当前行在其分区中的排名，是连续的值。

同级的行具有相同的排名。

这个函数将为一组中的数据分配连续的排名。其结果是，大于1的组不会产生非相邻的排名值。

示例见[RANK()函数](https://dev.mysql.com/doc/refman/8.0/en/window-function-descriptions.html#function_rank)

这个函数应当和 ORDER BY 一起使用，来排序分区中的数据。如果没有 ORDER BY ，所有行都是同级的。

*Returns the rank of the current row within its partition, without gaps. Peers are considered ties and receive the same rank. This function assigns consecutive ranks to peer groups; the result is that groups of size greater than one do not produce noncontiguous rank numbers. For an example, see the RANK() function description.*

*This function should be used with ORDER BY to sort partition rows into the desired order. Without ORDER BY, all rows are peers.*

*over_clause is as described in Section 12.21.2, “Window Function Concepts and Syntax”.*

```sql
mysql> select * from WINDOWFUNC_TEST;
+------+--------+------+
| dept | userid | sal  |
+------+--------+------+
| d1   | user1  | 1000 |
| d1   | user3  | 3000 |
| d1   | user2  | 2000 |
| d2   | user4  | 4000 |
| d2   | user4  | 6000 |
| d2   | user1  | 5000 |
+------+--------+------+
6 rows in set (0.00 sec)

-- 排序后，取各行在分区内的排名
mysql> select dept,userid,sal,
    -> DENSE_RANK() OVER(PARTITION BY dept ORDER BY sal) dr
    -> from WINDOWFUNC_TEST;
+------+--------+------+----+
| dept | userid | sal  | dr |
+------+--------+------+----+
| d1   | user1  | 1000 |  1 |
| d1   | user2  | 2000 |  2 |
| d1   | user3  | 3000 |  3 |
| d2   | user4  | 4000 |  1 |
| d2   | user1  | 5000 |  2 |
| d2   | user4  | 6000 |  3 |
+------+--------+------+----+
6 rows in set (0.00 sec)

-- 不是order by的情况
mysql> select dept,userid,sal,
    -> DENSE_RANK() OVER(PARTITION BY dept) dr
    -> from WINDOWFUNC_TEST;                                                 
+------+--------+------+----+
| dept | userid | sal  | dr |
+------+--------+------+----+
| d1   | user1  | 1000 |  1 |
| d1   | user3  | 3000 |  1 |
| d1   | user2  | 2000 |  1 |
| d2   | user4  | 4000 |  1 |
| d2   | user4  | 6000 |  1 |
| d2   | user1  | 5000 |  1 |
+------+--------+------+----+
6 rows in set (0.00 sec)

-- 各行在全表的排名
mysql> select dept,userid,sal,
    -> DENSE_RANK() OVER(ORDER BY sal) dr                  
    -> from WINDOWFUNC_TEST;                                                
+------+--------+------+----+
| dept | userid | sal  | dr |
+------+--------+------+----+
| d1   | user1  | 1000 |  1 |
| d1   | user2  | 2000 |  2 |
| d1   | user3  | 3000 |  3 |
| d2   | user4  | 4000 |  4 |
| d2   | user1  | 5000 |  5 |
| d2   | user4  | 6000 |  6 |
+------+--------+------+----+
6 rows in set (0.00 sec)
```

## 3、RANK() over_clause

返回当前行在它所属的分区内的排名，可以是不连续的值。

可以存在相同的排名值。

这个函数应当和 ORDER BY 一起使用，来排序分区中的数据。如果没有 ORDER BY ，所有行都是同级的。

*Returns the rank of the current row within its partition, with gaps. Peers are considered ties and receive the same rank. This function does not assign consecutive ranks to peer groups if groups of size greater than one exist; the result is noncontiguous rank numbers.*

*This function should be used with ORDER BY to sort partition rows into the desired order. Without ORDER BY, all rows are peers.*

*over_clause is as described in Section 12.21.2, “Window Function Concepts and Syntax”.*

*The following query shows the difference between RANK(), which produces ranks with gaps, and DENSE_RANK(), which produces ranks without gaps. The query shows rank values for each member of a set of values in the val column, which contains some duplicates. RANK() assigns peers (the duplicates) the same rank value, and the next greater value has a rank higher by the number of peers minus one. DENSE_RANK() also assigns peers the same rank value, but the next higher value has a rank one greater. For reference, the query also displays row numbers using ROW_NUMBER():*

```sql
mysql> SELECT
         val,
         ROW_NUMBER() OVER w AS 'row_number',
         RANK()       OVER w AS 'rank',
         DENSE_RANK() OVER w AS 'dense_rank'
       FROM numbers
       WINDOW w AS (ORDER BY val);
+------+------------+------+------------+
| val  | row_number | rank | dense_rank |
+------+------------+------+------------+
|    1 |          1 |    1 |          1 |
|    1 |          2 |    1 |          1 |
|    2 |          3 |    3 |          2 |
|    3 |          4 |    4 |          3 |
|    3 |          5 |    4 |          3 |
|    3 |          6 |    4 |          3 |
|    4 |          7 |    7 |          4 |
|    4 |          8 |    7 |          4 |
|    5 |          9 |    9 |          5 |
+------+------------+------+------------+
```

## 4、ROW_NUMBER() over_clause

返回当前行在它所属的分区中的序号。

序号是从1到分区数。

ORDER BY 会影响行的顺序，如果没有它，序号是不确定的。

ROW_NUMBER() 会给同级的两行分配不同的序号。此时可以使用 RANK() or DENSE_RANK()

*Returns the number of the current row within its partition. Rows numbers range from 1 to the number of partition rows.*

*ORDER BY affects the order in which rows are numbered. Without ORDER BY, row numbering is nondeterministic.*

*ROW_NUMBER() assigns peers different row numbers. To assign peers the same value, use RANK() or DENSE_RANK(). For an example, see the RANK() function description.*

*over_clause is as described in Section 12.21.2, “Window Function Concepts and Syntax”.*

```sql
mysql> select * from WINDOWFUNC_TEST;
+------+--------+------+
| dept | userid | sal  |
+------+--------+------+
| d1   | user1  | 1000 |
| d1   | user3  | 3000 |
| d1   | user2  | 2000 |
| d2   | user4  | 4000 |
| d2   | user4  | 6000 |
| d2   | user1  | 5000 |
+------+--------+------+
6 rows in set (0.00 sec)

mysql> SELECT dept,userid,sal,
    -> ROW_NUMBER() OVER(PARTITION BY dept order by sal) rn
    -> FROM WINDOWFUNC_TEST;
+------+--------+------+----+
| dept | userid | sal  | rn |
+------+--------+------+----+
| d1   | user1  | 1000 |  1 |
| d1   | user2  | 2000 |  2 |
| d1   | user3  | 3000 |  3 |
| d2   | user4  | 4000 |  1 |
| d2   | user1  | 5000 |  2 |
| d2   | user4  | 6000 |  3 |
+------+--------+------+----+
6 rows in set (0.00 sec)
```

## 5、PERCENT_RANK() over_clause

分区内，(当前行的RANK值-1)/(分区内总行数-1)

这个函数应当和 ORDER BY 一起使用，来排序分区中的数据。如果没有 ORDER BY ，所有行都是同级的。

*Returns the percentage of partition values less than the value in the current row, excluding the highest value. Return values range from 0 to 1 and represent the row relative rank, calculated as the result of this formula, where rank is the row rank and rows is the number of partition rows:*

    (rank - 1) / (rows - 1)

*This function should be used with ORDER BY to sort partition rows into the desired order. Without ORDER BY, all rows are peers.*

*over_clause is as described in Section 12.21.2, “Window Function Concepts and Syntax”.*

*For an example, see the CUME_DIST() function description.*

```sql
mysql> select * from WINDOWFUNC_TEST;
+------+--------+------+
| dept | userid | sal  |
+------+--------+------+
| d1   | user1  | 1000 |
| d1   | user3  | 3000 |
| d1   | user2  | 2000 |
| d2   | user4  | 4000 |
| d2   | user4  | 6000 |
| d2   | user1  | 5000 |
+------+--------+------+
6 rows in set (0.00 sec)

mysql> SELECT dept,userid,sal,
    -> PERCENT_RANK() OVER(PARTITION BY dept order by sal) pr
    -> FROM WINDOWFUNC_TEST;
+------+--------+------+-----+
| dept | userid | sal  | pr  |
+------+--------+------+-----+
| d1   | user1  | 1000 |   0 |
| d1   | user2  | 2000 | 0.5 |
| d1   | user3  | 3000 |   1 |
| d2   | user4  | 4000 |   0 |
| d2   | user1  | 5000 | 0.5 |
| d2   | user4  | 6000 |   1 |
+------+--------+------+-----+
6 rows in set (0.00 sec)

mysql> SELECT dept,userid,sal,
    -> PERCENT_RANK() OVER(PARTITION BY dept) pr
    -> FROM WINDOWFUNC_TEST;
+------+--------+------+---+
| dept | userid | sal  | pr|
+------+--------+------+---+
| d1   | user1  | 1000 | 0 |
| d1   | user3  | 3000 | 0 |
| d1   | user2  | 2000 | 0 |
| d2   | user4  | 4000 | 0 |
| d2   | user4  | 6000 | 0 |
| d2   | user1  | 5000 | 0 |
+------+--------+------+---+
6 rows in set (0.01 sec)

mysql> SELECT dept,userid,sal,
    -> PERCENT_RANK() OVER() pr
    -> FROM WINDOWFUNC_TEST;
+------+--------+------+----+
| dept | userid | sal  | pr |
+------+--------+------+----+
| d1   | user1  | 1000 |  0 |
| d1   | user3  | 3000 |  0 |
| d1   | user2  | 2000 |  0 |
| d2   | user4  | 4000 |  0 |
| d2   | user4  | 6000 |  0 |
| d2   | user1  | 5000 |  0 |
+------+--------+------+----+
6 rows in set (0.00 sec)

mysql> SELECT dept,userid,sal,
    -> PERCENT_RANK() OVER(order by sal) pr
    -> FROM WINDOWFUNC_TEST;
+------+--------+------+-----+
| dept | userid | sal  | pr  |
+------+--------+------+-----+
| d1   | user1  | 1000 |   0 |
| d1   | user2  | 2000 | 0.2 |
| d1   | user3  | 3000 | 0.4 |
| d2   | user4  | 4000 | 0.6 |
| d2   | user1  | 5000 | 0.8 |
| d2   | user4  | 6000 |   1 |
+------+--------+------+-----+
6 rows in set (0.01 sec)
```

## 6、FIRST_VALUE(expr) [null_treatment] over_clause

使用expr计算窗口内的第一行数据。

*Returns the value of expr from the first row of the window frame.*

*over_clause is as described in Section 12.21.2, “Window Function Concepts and Syntax”. null_treatment is as described in the section introduction.*

```sql
mysql> select * from WINDOWFUNC_TEST;
+------+--------+------+
| dept | userid | sal  |
+------+--------+------+
| d1   | user1  | 1000 |
| d1   | user3  | 3000 |
| d1   | user2  | 2000 |
| d2   | user4  | 4000 |
| d2   | user4  | 6000 |
| d2   | user1  | 5000 |
+------+--------+------+
6 rows in set (0.00 sec)

-- 排序后，把每个分区中的第一行的sal+1
mysql> SELECT dept,userid,sal,
    -> FIRST_VALUE(sal+1) OVER(PARTITION BY dept order by sal) fv
    -> FROM WINDOWFUNC_TEST;
+------+--------+------+------+
| dept | userid | sal  | fv   |
+------+--------+------+------+
| d1   | user1  | 1000 | 1001 |
| d1   | user2  | 2000 | 1001 |
| d1   | user3  | 3000 | 1001 |
| d2   | user4  | 4000 | 4001 |
| d2   | user1  | 5000 | 4001 |
| d2   | user4  | 6000 | 4001 |
+------+--------+------+------+
6 rows in set (0.00 sec)

-- 没有使用order by，按照原始顺序计算
mysql> SELECT dept,userid,sal,
    -> FIRST_VALUE(sal+1) OVER(PARTITION BY dept) fv
    -> FROM WINDOWFUNC_TEST;
+------+--------+------+------+
| dept | userid | sal  | fv   |
+------+--------+------+------+
| d1   | user1  | 1000 | 1001 |
| d1   | user3  | 3000 | 1001 |
| d1   | user2  | 2000 | 1001 |
| d2   | user4  | 4000 | 4001 |
| d2   | user4  | 6000 | 4001 |
| d2   | user1  | 5000 | 4001 |
+------+--------+------+------+
6 rows in set (0.00 sec)

-- 把全表中的第一行的sal+1
mysql> SELECT dept,userid,sal,
    -> FIRST_VALUE(sal+1) OVER() fv
    -> FROM WINDOWFUNC_TEST;
+------+--------+------+------+
| dept | userid | sal  | fv   |
+------+--------+------+------+
| d1   | user1  | 1000 | 1001 |
| d1   | user3  | 3000 | 1001 |
| d1   | user2  | 2000 | 1001 |
| d2   | user4  | 4000 | 1001 |
| d2   | user4  | 6000 | 1001 |
| d2   | user1  | 5000 | 1001 |
+------+--------+------+------+
6 rows in set (0.00 sec)
```

*The following query demonstrates FIRST_VALUE(), LAST_VALUE(), and two instances of NTH_VALUE():*

```sql
mysql> SELECT
         time, subject, val,
         FIRST_VALUE(val)  OVER w AS 'first',
         LAST_VALUE(val)   OVER w AS 'last',
         NTH_VALUE(val, 2) OVER w AS 'second',
         NTH_VALUE(val, 4) OVER w AS 'fourth'
       FROM observations
       WINDOW w AS (PARTITION BY subject ORDER BY time
                    ROWS UNBOUNDED PRECEDING);
+----------+---------+------+-------+------+--------+--------+
| time     | subject | val  | first | last | second | fourth |
+----------+---------+------+-------+------+--------+--------+
| 07:00:00 | st113   |   10 |    10 |   10 |   NULL |   NULL |
| 07:15:00 | st113   |    9 |    10 |    9 |      9 |   NULL |
| 07:30:00 | st113   |   25 |    10 |   25 |      9 |   NULL |
| 07:45:00 | st113   |   20 |    10 |   20 |      9 |     20 |
| 07:00:00 | xh458   |    0 |     0 |    0 |   NULL |   NULL |
| 07:15:00 | xh458   |   10 |     0 |   10 |     10 |   NULL |
| 07:30:00 | xh458   |    5 |     0 |    5 |     10 |   NULL |
| 07:45:00 | xh458   |   30 |     0 |   30 |     10 |     30 |
| 08:00:00 | xh458   |   25 |     0 |   25 |     10 |     30 |
+----------+---------+------+-------+------+--------+--------+
```

*Each function uses the rows in the current frame, which, per the window definition shown, extends from the first partition row to the current row. For the NTH_VALUE() calls, the current frame does not always include the requested row; in such cases, the return value is NULL.*

## 7、LAST_VALUE(expr) [null_treatment] over_clause

使用 expr 计算窗口内的最后一行数据。

*Returns the value of expr from the last row of the window frame.*

*over_clause is as described in Section 12.21.2, “Window Function Concepts and Syntax”. null_treatment is as described in the section introduction.*

*For an example, see the FIRST_VALUE() function description.*

```sql
mysql> select * from WINDOWFUNC_TEST;
+------+--------+------+
| dept | userid | sal  |
+------+--------+------+
| d1   | user1  | 1000 |
| d1   | user3  | 3000 |
| d1   | user2  | 2000 |
| d2   | user4  | 4000 |
| d2   | user4  | 6000 |
| d2   | user1  | 5000 |
+------+--------+------+
6 rows in set (0.00 sec)

-- 默认是取到分区第一行到当前行的最后一行。
mysql> SELECT dept,userid,sal,
    -> LAST_VALUE(sal+1) OVER(PARTITION BY dept order by sal) fv
    -> FROM WINDOWFUNC_TEST;
+------+--------+------+------+
| dept | userid | sal  | fv   |
+------+--------+------+------+
| d1   | user1  | 1000 | 1001 |
| d1   | user2  | 2000 | 2001 |
| d1   | user3  | 3000 | 3001 |
| d2   | user4  | 4000 | 4001 |
| d2   | user1  | 5000 | 5001 |
| d2   | user4  | 6000 | 6001 |
+------+--------+------+------+
6 rows in set (0.01 sec)

mysql> SELECT dept,userid,sal,
    -> LAST_VALUE(sal+1) OVER(PARTITION BY dept order by sal rows between unbounded preceding and unbounded following) fv
    -> FROM WINDOWFUNC_TEST;
+------+--------+------+------+
| dept | userid | sal  | fv   |
+------+--------+------+------+
| d1   | user1  | 1000 | 3001 |
| d1   | user2  | 2000 | 3001 |
| d1   | user3  | 3000 | 3001 |
| d2   | user4  | 4000 | 6001 |
| d2   | user1  | 5000 | 6001 |
| d2   | user4  | 6000 | 6001 |
+------+--------+------+------+
6 rows in set (0.01 sec)

-- 不使用order by，计算分区中的最后一个值+1
mysql> SELECT dept,userid,sal,
    -> LAST_VALUE(sal+1) OVER(PARTITION BY dept) fv
    -> FROM WINDOWFUNC_TEST;
+------+--------+------+------+
| dept | userid | sal  | fv   |
+------+--------+------+------+
| d1   | user1  | 1000 | 2001 |
| d1   | user3  | 3000 | 2001 |
| d1   | user2  | 2000 | 2001 |
| d2   | user4  | 4000 | 5001 |
| d2   | user4  | 6000 | 5001 |
| d2   | user1  | 5000 | 5001 |
+------+--------+------+------+
6 rows in set (0.00 sec)

-- 不使用order by，计算全表的最后一个值+1
mysql> SELECT dept,userid,sal,
    -> LAST_VALUE(sal+1) OVER() fv
    -> FROM WINDOWFUNC_TEST;
+------+--------+------+------+
| dept | userid | sal  | fv   |
+------+--------+------+------+
| d1   | user1  | 1000 | 5001 |
| d1   | user3  | 3000 | 5001 |
| d1   | user2  | 2000 | 5001 |
| d2   | user4  | 4000 | 5001 |
| d2   | user4  | 6000 | 5001 |
| d2   | user1  | 5000 | 5001 |
+------+--------+------+------+
6 rows in set (0.00 sec)

mysql> SELECT dept,userid,sal,
    -> LAST_VALUE(sal+1) OVER(order by sal) fv
    -> FROM WINDOWFUNC_TEST;
+------+--------+------+------+
| dept | userid | sal  | fv   |
+------+--------+------+------+
| d1   | user1  | 1000 | 1001 |
| d1   | user2  | 2000 | 2001 |
| d1   | user3  | 3000 | 3001 |
| d2   | user4  | 4000 | 4001 |
| d2   | user1  | 5000 | 5001 |
| d2   | user4  | 6000 | 6001 |
+------+--------+------+------+
6 rows in set (0.01 sec)

mysql> SELECT dept,userid,sal,
    -> LAST_VALUE(sal+1) OVER(order by sal rows between unbounded preceding and unbounded following) fv
    -> FROM WINDOWFUNC_TEST;
+------+--------+------+------+
| dept | userid | sal  | fv   |
+------+--------+------+------+
| d1   | user1  | 1000 | 6001 |
| d1   | user2  | 2000 | 6001 |
| d1   | user3  | 3000 | 6001 |
| d2   | user4  | 4000 | 6001 |
| d2   | user1  | 5000 | 6001 |
| d2   | user4  | 6000 | 6001 |
+------+--------+------+------+
6 rows in set (0.00 sec)
```

## 8、NTH_VALUE(expr, N) [from_first_last] [null_treatment] over_clause

使用 expr 计算窗口内的第 N 行数据。

N 是正数。

*Returns the value of expr from the N-th row of the window frame. If there is no such row, the return value is NULL.*

*N must be a literal positive integer.*

*from_first_last is part of the SQL standard, but the MySQL implementation permits only FROM FIRST (which is also the default). This means that calculations begin at the first row of the window. FROM LAST is parsed, but produces an error. To obtain the same effect as FROM LAST (begin calculations at the last row of the window), use ORDER BY to sort in reverse order.*

from_first_last 是 SQL 标准的一部分，但是**MYSQL 仅允许 FROM FIRST (也是默认)。这就意味着计算从窗口内的第一行开始**。解析 FROM LAST 会出错。为了得到和 FROM LAST 相同的效果，使用 ORDER BY 逆向排序。

*over_clause is as described in Section 12.21.2, “Window Function Concepts and Syntax”. null_treatment is as described in the section introduction.
For an example, see the FIRST_VALUE() function description.
In MySQL 8.0.22 and later, you cannot use NULL for the row argument of this function within a prepared statement.*

```sql
mysql> select * from WINDOWFUNC_TEST;
+------+--------+------+
| dept | userid | sal  |
+------+--------+------+
| d1   | user1  | 1000 |
| d1   | user3  | 3000 |
| d1   | user2  | 2000 |
| d2   | user4  | 4000 |
| d2   | user4  | 6000 |
| d2   | user1  | 5000 |
+------+--------+------+
6 rows in set (0.00 sec)

-- MYSQL 仅允许 FROM FIRST (也是默认)。这就意味着计算从窗口内的第一行开始

-- 排序分区中的数据后，将第n行数据+1
mysql> SELECT dept,userid,sal,
    -> NTH_VALUE(sal+1,2) OVER(PARTITION BY dept order by sal) nv
    -> FROM WINDOWFUNC_TEST;
+------+--------+------+------+
| dept | userid | sal  | nv   |
+------+--------+------+------+
| d1   | user1  | 1000 | NULL |
| d1   | user2  | 2000 | 2001 |
| d1   | user3  | 3000 | 2001 |
| d2   | user4  | 4000 | NULL |
| d2   | user1  | 5000 | 5001 |
| d2   | user4  | 6000 | 5001 |
+------+--------+------+------+
6 rows in set (0.00 sec)

-- 不排序分区中的数据
mysql> SELECT dept,userid,sal,
    -> NTH_VALUE(sal+1,2) OVER(PARTITION BY dept) nv
    -> FROM WINDOWFUNC_TEST;
+------+--------+------+------+
| dept | userid | sal  | nv   |
+------+--------+------+------+
| d1   | user1  | 1000 | 3001 |
| d1   | user3  | 3000 | 3001 |
| d1   | user2  | 2000 | 3001 |
| d2   | user4  | 4000 | 6001 |
| d2   | user4  | 6000 | 6001 |
| d2   | user1  | 5000 | 6001 |
+------+--------+------+------+
6 rows in set (0.00 sec)

-- 对全表操作
mysql> SELECT dept,userid,sal,
    -> NTH_VALUE(sal+1,2) OVER() nv
    -> FROM WINDOWFUNC_TEST;
+------+--------+------+------+
| dept | userid | sal  | nv   |
+------+--------+------+------+
| d1   | user1  | 1000 | 3001 |
| d1   | user3  | 3000 | 3001 |
| d1   | user2  | 2000 | 3001 |
| d2   | user4  | 4000 | 3001 |
| d2   | user4  | 6000 | 3001 |
| d2   | user1  | 5000 | 3001 |
+------+--------+------+------+
6 rows in set (0.00 sec)

mysql> SELECT dept,userid,sal,
    -> NTH_VALUE(sal+1,2) OVER(order by sal) nv
    -> FROM WINDOWFUNC_TEST;
+------+--------+------+------+
| dept | userid | sal  | nv   |
+------+--------+------+------+
| d1   | user1  | 1000 | NULL |
| d1   | user2  | 2000 | 2001 |
| d1   | user3  | 3000 | 2001 |
| d2   | user4  | 4000 | 2001 |
| d2   | user1  | 5000 | 2001 |
| d2   | user4  | 6000 | 2001 |
+------+--------+------+------+
6 rows in set (0.00 sec)
```

## 9、LAG(expr [, N[, default]]) [null_treatment] over_clause

使用 expr 计算当前行在本分区内往上 N 行的数据。

如果没有那个行，就返回默认值。如果 N 或默认值缺失，默认就是1和null。

*Returns the value of expr from the row that lags (precedes) the current row by N rows within its partition. If there is no such row, the return value is default. For example, if N is 3, the return value is default for the first two rows. If N or default are missing, the defaults are 1 and NULL, respectively.*

*N must be a literal nonnegative integer. If N is 0, expr is evaluated for the current row.*

*Beginning with MySQL 8.0.22, N cannot be NULL. In addition, it must now be an integer in the range 1 to 263, inclusive, in any of the following forms:*

N 必须是字面量的非负整数。如果 N 是0，expr就是计算当前行。

从 MYSQL 8.0.22 开始，N 不能是 NULL。它必须是[1,263]之间的整数。

*an unsigned integer constant literal
a positional parameter marker (?)
a user-defined variable
a local variable in a stored routine*

```sql
mysql> select * from WINDOWFUNC_TEST;
+------+--------+------+
| dept | userid | sal  |
+------+--------+------+
| d1   | user1  | 1000 |
| d1   | user3  | 3000 |
| d1   | user2  | 2000 |
| d2   | user4  | 4000 |
| d2   | user4  | 6000 |
| d2   | user1  | 5000 |
+------+--------+------+
6 rows in set (0.00 sec)

mysql> SELECT dept,userid,sal,
    -> LAG(sal+3,1,1111) OVER(PARTITION BY dept order by sal) l
    -> FROM WINDOWFUNC_TEST;
+------+--------+------+------+
| dept | userid | sal  | l    |
+------+--------+------+------+
| d1   | user1  | 1000 | 1111 |
| d1   | user2  | 2000 | 1003 |
| d1   | user3  | 3000 | 2003 |
| d2   | user4  | 4000 | 1111 |
| d2   | user1  | 5000 | 4003 |
| d2   | user4  | 6000 | 5003 |
+------+--------+------+------+
6 rows in set (0.00 sec)

mysql> SELECT dept,userid,sal,
    -> LAG(sal+3,1,1111) OVER(PARTITION BY dept) l
    -> FROM WINDOWFUNC_TEST;
+------+--------+------+------+
| dept | userid | sal  | l    |
+------+--------+------+------+
| d1   | user1  | 1000 | 1111 |
| d1   | user3  | 3000 | 1003 |
| d1   | user2  | 2000 | 3003 |
| d2   | user4  | 4000 | 1111 |
| d2   | user4  | 6000 | 4003 |
| d2   | user1  | 5000 | 6003 |
+------+--------+------+------+
6 rows in set (0.00 sec)

mysql> SELECT dept,userid,sal,
    -> LAG(sal+3,277,1111) OVER(PARTITION BY dept order by sal) l
    -> FROM WINDOWFUNC_TEST;
+------+--------+------+------+
| dept | userid | sal  | l    |
+------+--------+------+------+
| d1   | user1  | 1000 | 1111 |
| d1   | user2  | 2000 | 1111 |
| d1   | user3  | 3000 | 1111 |
| d2   | user4  | 4000 | 1111 |
| d2   | user1  | 5000 | 1111 |
| d2   | user4  | 6000 | 1111 |
+------+--------+------+------+
6 rows in set (0.00 sec)

mysql> SELECT dept,userid,sal,
    -> LAG(sal+3,0,1111) OVER(PARTITION BY dept order by sal) l
    -> FROM WINDOWFUNC_TEST;
+------+--------+------+------+
| dept | userid | sal  | l    |
+------+--------+------+------+
| d1   | user1  | 1000 | 1003 |
| d1   | user2  | 2000 | 2003 |
| d1   | user3  | 3000 | 3003 |
| d2   | user4  | 4000 | 4003 |
| d2   | user1  | 5000 | 5003 |
| d2   | user4  | 6000 | 6003 |
+------+--------+------+------+
6 rows in set (0.00 sec)
```
*over_clause is as described in Section 12.21.2, “Window Function Concepts and Syntax”. null_treatment is as described in the section introduction.*

*LAG() (and the similar LEAD() function) are often used to compute differences between rows. The following query shows a set of time-ordered observations and, for each one, the LAG() and LEAD() values from the adjoining rows, as well as the differences between the current and adjoining rows:*

LAG() 和 LEAD() 经常被用来计算两行间的差值。

```sql
mysql> SELECT
         t, val,
         LAG(val)        OVER w AS 'lag',
         LEAD(val)       OVER w AS 'lead',
         val - LAG(val)  OVER w AS 'lag diff',
         val - LEAD(val) OVER w AS 'lead diff'
       FROM series
       WINDOW w AS (ORDER BY t);
+----------+------+------+------+----------+-----------+
| t        | val  | lag  | lead | lag diff | lead diff |
+----------+------+------+------+----------+-----------+
| 12:00:00 |  100 | NULL |  125 |     NULL |       -25 |
| 13:00:00 |  125 |  100 |  132 |       25 |        -7 |
| 14:00:00 |  132 |  125 |  145 |        7 |       -13 |
| 15:00:00 |  145 |  132 |  140 |       13 |         5 |
| 16:00:00 |  140 |  145 |  150 |       -5 |       -10 |
| 17:00:00 |  150 |  140 |  200 |       10 |       -50 |
| 18:00:00 |  200 |  150 | NULL |       50 |      NULL |
+----------+------+------+------+----------+-----------+
```

*In the example, the LAG() and LEAD() calls use the default N and default values of 1 and NULL, respectively.*

*The first row shows what happens when there is no previous row for LAG(): The function returns the default value (in this case, NULL). The last row shows the same thing when there is no next row for LEAD().*

**LAG() and LEAD() also serve to compute sums rather than differences**.*Consider this data set, which contains the first few numbers of the Fibonacci series:*

```sql
mysql> SELECT
         n,
         LAG(n, 1, 0)      OVER w AS 'lag',
         LEAD(n, 1, 0)     OVER w AS 'lead',
         n + LAG(n, 1, 0)  OVER w AS 'next_n',
         n + LEAD(n, 1, 0) OVER w AS 'next_next_n'
       FROM fib
       WINDOW w AS (ORDER BY n);
+------+------+------+--------+-------------+
| n    | lag  | lead | next_n | next_next_n |
+------+------+------+--------+-------------+
|    1 |    0 |    1 |      1 |           2 |
|    1 |    1 |    2 |      2 |           3 |
|    2 |    1 |    3 |      3 |           5 |
|    3 |    2 |    5 |      5 |           8 |
|    5 |    3 |    8 |      8 |          13 |
|    8 |    5 |    0 |     13 |           8 |
+------+------+------+--------+-------------+
```

*One way to generate the initial set of Fibonacci numbers is to use a recursive common table expression. For an example, see Fibonacci Series Generation.*

*Beginning with MySQL 8.0.22, you cannot use a negative value for the rows argument of this function within a prepared statement.*

## 10、LEAD(expr [, N[, default]]) [null_treatment] over_clause

使用 expr 计算当前行在本分区内往下 N 行的数据。

*Returns the value of expr from the row that leads (follows) the current row by N rows within its partition. If there is no such row, the return value is default. For example, if N is 3, the return value is default for the last two rows. If N or default are missing, the defaults are 1 and NULL, respectively.*

*N must be a literal nonnegative integer. If N is 0, expr is evaluated for the current row.*

*Beginning with MySQL 8.0.22, N cannot be NULL. In addition, it must now be an integer in the range 1 to 263, inclusive, in any of the following forms:*

*an unsigned integer constant literal
a positional parameter marker (?)
a user-defined variable
a local variable in a stored routine*

*over_clause is as described in Section 12.21.2, “Window Function Concepts and Syntax”. null_treatment is as described in the section introduction.*

*For an example, see the LAG() function description.*

*In MySQL 8.0.22 and later, use of a negative value for the rows argument of this function is not permitted in prepared statements.*

```sql
mysql> select * from WINDOWFUNC_TEST;
+------+--------+------+
| dept | userid | sal  |
+------+--------+------+
| d1   | user1  | 1000 |
| d1   | user3  | 3000 |
| d1   | user2  | 2000 |
| d2   | user4  | 4000 |
| d2   | user4  | 6000 |
| d2   | user1  | 5000 |
+------+--------+------+
6 rows in set (0.00 sec)

mysql> SELECT dept,userid,sal,
    -> LEAD(sal+3,1,1111) OVER(PARTITION BY dept order by sal) l
    -> FROM WINDOWFUNC_TEST;
+------+--------+------+------+
| dept | userid | sal  | l    |
+------+--------+------+------+
| d1   | user1  | 1000 | 2003 |
| d1   | user2  | 2000 | 3003 |
| d1   | user3  | 3000 | 1111 |
| d2   | user4  | 4000 | 5003 |
| d2   | user1  | 5000 | 6003 |
| d2   | user4  | 6000 | 1111 |
+------+--------+------+------+
6 rows in set (0.00 sec)

mysql> SELECT dept,userid,sal,
    -> LEAD(sal+3,1,1111) OVER(PARTITION BY dept) l
    -> FROM WINDOWFUNC_TEST;
+------+--------+------+------+
| dept | userid | sal  | l    |
+------+--------+------+------+
| d1   | user1  | 1000 | 3003 |
| d1   | user3  | 3000 | 2003 |
| d1   | user2  | 2000 | 1111 |
| d2   | user4  | 4000 | 6003 |
| d2   | user4  | 6000 | 5003 |
| d2   | user1  | 5000 | 1111 |
+------+--------+------+------+
6 rows in set (0.00 sec)

mysql> SELECT dept,userid,sal,
    -> LEAD(sal+3,277,1111) OVER(PARTITION BY dept order by sal) l
    -> FROM WINDOWFUNC_TEST;
+------+--------+------+------+
| dept | userid | sal  | l    |
+------+--------+------+------+
| d1   | user1  | 1000 | 1111 |
| d1   | user2  | 2000 | 1111 |
| d1   | user3  | 3000 | 1111 |
| d2   | user4  | 4000 | 1111 |
| d2   | user1  | 5000 | 1111 |
| d2   | user4  | 6000 | 1111 |
+------+--------+------+------+
6 rows in set (0.00 sec)

mysql> SELECT dept,userid,sal,
    -> LEAD(sal+3,0,1111) OVER(PARTITION BY dept order by sal) l
    -> FROM WINDOWFUNC_TEST;
+------+--------+------+------+
| dept | userid | sal  | l    |
+------+--------+------+------+
| d1   | user1  | 1000 | 1003 |
| d1   | user2  | 2000 | 2003 |
| d1   | user3  | 3000 | 3003 |
| d2   | user4  | 4000 | 4003 |
| d2   | user1  | 5000 | 5003 |
| d2   | user4  | 6000 | 6003 |
+------+--------+------+------+
6 rows in set (0.00 sec)
```

## 11、NTILE(N) over_clause

把一个分区中的数据划分到 N 个桶中，返回当前行所在的桶的号码。

N 必须是正整数。

桶的号码值在1到N之间。

应当和 ORDER BY 一起使用。

*Divides a partition into N groups (buckets), assigns each row in the partition its bucket number, and returns the bucket number of the current row within its partition. For example, if N is 4, NTILE() divides rows into four buckets. If N is 100, NTILE() divides rows into 100 buckets.*

*N must be a literal positive integer. Bucket number return values range from 1 to N.*

*Beginning with MySQL 8.0.22, N cannot be NULL. In addition, it must be an integer in the range 1 to 263, inclusive, in any of the following forms:*

*an unsigned integer constant literal
a positional parameter marker (?)
a user-defined variable
a local variable in a stored routine*

*This function should be used with ORDER BY to sort partition rows into the desired order.*

*over_clause is as described in Section 12.21.2, “Window Function Concepts and Syntax”.*

```sql
mysql> select * from WINDOWFUNC_TEST;
+------+--------+------+
| dept | userid | sal  |
+------+--------+------+
| d1   | user1  | 1000 |
| d1   | user3  | 3000 |
| d1   | user2  | 2000 |
| d2   | user4  | 4000 |
| d2   | user4  | 6000 |
| d2   | user1  | 5000 |
+------+--------+------+
6 rows in set (0.00 sec)

-- 排序分区中的数据，把每个分区的数据划分到两个桶里
mysql> SELECT dept,userid,sal,
    -> NTILE(2) OVER(PARTITION BY dept order by sal) n
    -> FROM WINDOWFUNC_TEST;
+------+--------+------+------+
| dept | userid | sal  | n    |
+------+--------+------+------+
| d1   | user1  | 1000 |    1 |
| d1   | user2  | 2000 |    1 |
| d1   | user3  | 3000 |    2 |
| d2   | user4  | 4000 |    1 |
| d2   | user1  | 5000 |    1 |
| d2   | user4  | 6000 |    2 |
+------+--------+------+------+
6 rows in set (0.00 sec)

-- 不排序分区中的数据
mysql> SELECT dept,userid,sal,
    -> NTILE(2) OVER(PARTITION BY dept) n
    -> FROM WINDOWFUNC_TEST;
+------+--------+------+------+
| dept | userid | sal  | n    |
+------+--------+------+------+
| d1   | user1  | 1000 |    1 |
| d1   | user3  | 3000 |    1 |
| d1   | user2  | 2000 |    2 |
| d2   | user4  | 4000 |    1 |
| d2   | user4  | 6000 |    1 |
| d2   | user1  | 5000 |    2 |
+------+--------+------+------+
6 rows in set (0.00 sec)

-- 直接操作表，不分区
mysql> SELECT dept,userid,sal,
    -> NTILE(2) OVER() n
    -> FROM WINDOWFUNC_TEST;
+------+--------+------+------+
| dept | userid | sal  | n    |
+------+--------+------+------+
| d1   | user1  | 1000 |    1 |
| d1   | user3  | 3000 |    1 |
| d1   | user2  | 2000 |    1 |
| d2   | user4  | 4000 |    2 |
| d2   | user4  | 6000 |    2 |
| d2   | user1  | 5000 |    2 |
+------+--------+------+------+
6 rows in set (0.00 sec)
```

*The following query shows, for the set of values in the val column, the percentile values resulting from dividing the rows into two or four groups. For reference, the query also displays row numbers using ROW_NUMBER():*

```sql
mysql> SELECT
         val,
         ROW_NUMBER() OVER w AS 'row_number',
         NTILE(2)     OVER w AS 'ntile2',
         NTILE(4)     OVER w AS 'ntile4'
       FROM numbers
       WINDOW w AS (ORDER BY val);
+------+------------+--------+--------+
| val  | row_number | ntile2 | ntile4 |
+------+------------+--------+--------+
|    1 |          1 |      1 |      1 |
|    1 |          2 |      1 |      1 |
|    2 |          3 |      1 |      1 |
|    3 |          4 |      1 |      2 |
|    3 |          5 |      1 |      2 |
|    3 |          6 |      2 |      3 |
|    4 |          7 |      2 |      3 |
|    4 |          8 |      2 |      4 |
|    5 |          9 |      2 |      4 |
+------+------------+--------+--------+
```