# 12.07 Date and Time Functions

[TOC]

<font color="grey">This section describes the functions that can be used to manipulate temporal values. See [Section 11.2, "Date and Time Data Types"](https://dev.mysql.com/doc/refman/8.0/en/date-and-time-types.html), for a description of the range of values each date and time type has and the valid formats in which values may be specified.</font>

这部分描述用来操作时间的函数。



- DATE(expr)

<font color="grey">Extracts the date part of the date or datetime expression expr.</font>

抽取 date 或 datetime 的日期部分。

```sql
mysql> SELECT DATE('2003-12-31 01:02:03');
	        -> '2003-12-31'

-- -------------------------------------------------------------	        
mysql> select date('2000-11-11');
+--------------------+
| date('2000-11-11') |
+--------------------+
| 2000-11-11         |
+--------------------+
1 row in set (0.00 sec)

mysql> select date('2000-11-11 12:12:12');
+-----------------------------+
| date('2000-11-11 12:12:12') |
+-----------------------------+
| 2000-11-11                  |
+-----------------------------+
1 row in set (0.00 sec)
```

- YEAR(date)

<font color="grey">Returns the year for date, in the range 1000 to 9999, or 0 for the “zero” date.</font>

取日期的年份部分，范围在1000到9999，0代表"zero"日期。

```sql
mysql> SELECT YEAR('1987-01-01');
        -> 1987
-- -------------------------------------------------------------	        
mysql> select year('1000-11-11');
+--------------------+
| year('1000-11-11') |
+--------------------+
|               1000 |
+--------------------+
1 row in set (0.00 sec)

mysql> select year('9999-11-11');    
+--------------------+
| year('9999-11-11') |
+--------------------+
|               9999 |
+--------------------+
1 row in set (0.00 sec)

mysql> select year(now());
+-------------+
| year(now()) |
+-------------+
|        2020 |
+-------------+
1 row in set (0.00 sec)
```