# 13.02.11.06 Subqueries with EXISTS or NOT EXISTS

<font color="grey">If a subquery returns any rows at all, EXISTS subquery is TRUE, and NOT EXISTS subquery is FALSE. For example:</font>

如果子查询返回任何行，EXISTS 子查询为真，NOT EXISTS 子查询为假:

```sql
SELECT column1 FROM t1 WHERE EXISTS (SELECT * FROM t2);
```

通常来说，EXISTS 子查询以 `SELECT *` 开始，但也可以以 `SELECT 5` 或 `SELECT column1` 或任意开始。在这种子查询中，MySQL 会忽略 SELECT list，所以没什么区别。

<font color="grey">Traditionally, an EXISTS subquery starts with `SELECT *`, but it could begin with SELECT 5 or SELECT column1 or anything at all. MySQL ignores the SELECT list in such a subquery, so it makes no difference.</font>

<font color="grey">For the preceding example, if t2 contains any rows, even rows with nothing but NULL values, the EXISTS condition is TRUE. This is actually an unlikely example because a [NOT] EXISTS subquery almost always contains correlations. Here are some more realistic examples:</font>

对于前面的示例，如果表 t2 包含任何行，甚至只有 NULL 值的行，那 EXISTS 条件为 TRUE 。这实际上是一个不太可能的示例，因为 [NOT] EXISTS 子查询几乎总是包含相关性。下面是一些更现实的例子:

<font color="grey">What kind of store is present in one or more cities?</font>

- 在一个或多个城市中有什么样的商店？

```sql
SELECT DISTINCT store_type FROM stores
	WHERE EXISTS (SELECT * FROM cities_stores
		WHERE cities_stores.store_type = stores.store_type);
```
<font color="grey">What kind of store is present in no cities?</font>

- 什么类型的商店没有在城市存在?

```sql
SELECT DISTINCT store_type FROM stores
	WHERE NOT EXISTS (SELECT * FROM cities_stores
		WHERE cities_stores.store_type = stores.store_type);
```
<font color="grey">What kind of store is present in all cities?</font>

- 什么类型的商店在所有城市存在?

```sql
SELECT DISTINCT store_type FROM stores s1
  WHERE NOT EXISTS (
    SELECT * FROM cities WHERE NOT EXISTS (
      SELECT * FROM cities_stores
       WHERE cities_stores.city = cities.city
       AND cities_stores.store_type = stores.store_type));
```

最后一个示例是一个双嵌套的 NOT EXISTS 查询。也就是说，它在 NOT EXISTS 子句中有 NOT EXISTS 子句。

在形式上，它回答了一个问题:“一个城市是否存在一个没有实体店的商店?” 但是说一个嵌套 NOT EXISTS 更容易回答"is x TRUE for all y?"

<font color="grey">The last example is a double-nested NOT EXISTS query. That is, it has a NOT EXISTS clause within a NOT EXISTS clause. Formally, it answers the question “does a city exist with a store that is not in Stores”? But it is easier to say that a nested NOT EXISTS answers the question “is x TRUE for all y?”</font>

<font color="grey">In MySQL 8.0.19 and later, you can also use NOT EXISTS or NOT EXISTS with TABLE in the subquery, like this:</font>

在 MySQL 8.0.19 及往后的版本，可以在子查询中使用 NOT EXISTS 或 NOT EXISTS with TABLE：【？？？】

```sql
SELECT column1 FROM t1 WHERE EXISTS (TABLE t2);
```

结果与在子查询中使用没有 WHERE 子句的 `SELECT *` 相同。

<font color="grey">The results are the same as when using `SELECT *` with no WHERE clause in the subquery.</font>

-------------------------------------------------------

```sql
mysql> select * from access_log;
+-----+---------+-------+------------+
| aid | site_id | count | date       |
+-----+---------+-------+------------+
|   1 |       1 |     3 | 2016-05-10 |
|   2 |       3 |     2 | 2016-05-13 |
|   3 |       1 |     5 | 2016-05-14 |
|   4 |       2 |     4 | 2016-05-14 |
|   5 |       5 |     4 | 2016-05-14 |
|   6 |       5 |     5 | 2016-05-12 |
|   6 |       1 |     1 | 9999-12-12 |
|   6 |       5 |     5 | 2016-05-12 |
+-----+---------+-------+------------+
8 rows in set (0.00 sec)

mysql> select * from apps;  
+----+-------------+-------------------------+---------+
| id | app_name    | url                     | country |
+----+-------------+-------------------------+---------+
|  1 | QQ APP      | http://im.qq.com/       | CN      |
|  2 | 微博 APP    | http://weibo.com/       | CN      |
|  3 | 淘宝 APP    | https://www.taobao.com/ | CN      |
|  4 | meituan APP | http://www.meituan.com  | CN      |
+----+-------------+-------------------------+---------+
4 rows in set (0.00 sec)

-- 通常来说，EXISTS 子查询以 `SELECT *` 开始，但也可以以 `SELECT 5` 或 `SELECT column1` 或任意开始。
-- 在这种子查询中，MySQL 会忽略 SELECT list，所以没什么区别。
mysql> select * from access_log al where exists (select id from apps a where al.site_id=a.id);
+-----+---------+-------+------------+
| aid | site_id | count | date       |
+-----+---------+-------+------------+
|   1 |       1 |     3 | 2016-05-10 |
|   2 |       3 |     2 | 2016-05-13 |
|   3 |       1 |     5 | 2016-05-14 |
|   4 |       2 |     4 | 2016-05-14 |
|   6 |       1 |     1 | 9999-12-12 |
+-----+---------+-------+------------+
5 rows in set (0.00 sec)

mysql> select * from access_log al where exists (select * from apps a where al.site_id=a.id);  
+-----+---------+-------+------------+
| aid | site_id | count | date       |
+-----+---------+-------+------------+
|   1 |       1 |     3 | 2016-05-10 |
|   2 |       3 |     2 | 2016-05-13 |
|   3 |       1 |     5 | 2016-05-14 |
|   4 |       2 |     4 | 2016-05-14 |
|   6 |       1 |     1 | 9999-12-12 |
+-----+---------+-------+------------+
5 rows in set (0.01 sec)

mysql> select * from access_log al where exists (select 5 from apps a where al.site_id=a.id); 
+-----+---------+-------+------------+
| aid | site_id | count | date       |
+-----+---------+-------+------------+
|   1 |       1 |     3 | 2016-05-10 |
|   2 |       3 |     2 | 2016-05-13 |
|   3 |       1 |     5 | 2016-05-14 |
|   4 |       2 |     4 | 2016-05-14 |
|   6 |       1 |     1 | 9999-12-12 |
+-----+---------+-------+------------+
5 rows in set (0.00 sec)
```